date,tp,extreme_rain
2000-01-01,0.09898329,0
2000-02-01,0.022954657,0
2000-03-01,4.152157,0
2000-04-01,20.045437,0
2000-05-01,86.75392,0
2000-06-01,252.34699999999998,0
2000-07-01,241.58453999999998,0
2000-08-01,267.41022,0
2000-09-01,228.81103,0
2000-10-01,73.141396,0
2000-11-01,0.2857459,0
2000-12-01,0.03247615,0
2001-01-01,0.008623581,0
2001-02-01,0.038431957,0
2001-03-01,1.2293712,0
2001-04-01,69.77115,0
2001-05-01,47.145322,0
2001-06-01,120.752126,0
2001-07-01,167.16228,0
2001-08-01,207.09419,0
2001-09-01,207.44878,0
2001-10-01,27.613490000000002,0
2001-11-01,0.84668957,0
2001-12-01,0.120204175,0
2002-01-01,0.021356624,0
2002-02-01,0.30498393,0
2002-03-01,20.887256,0
2002-04-01,60.559943,0
2002-05-01,59.309870000000004,0
2002-06-01,156.37308,0
2002-07-01,174.30592000000001,0
2002-08-01,346.27116,1
2002-09-01,231.7586,0
2002-10-01,124.81764,0
2002-11-01,5.9989747,0
2002-12-01,0.27690083,0
2003-01-01,0.6261008,0
2003-02-01,1.1405074,0
2003-03-01,1.524686,0
2003-04-01,42.766325,0
2003-05-01,71.689956,0
2003-06-01,171.61584,0
2003-07-01,131.17942,0
2003-08-01,232.18375,0
2003-09-01,182.82747,0
2003-10-01,75.74118,0
2003-11-01,7.864293,0
2003-12-01,0.030335155,0
2004-01-01,5.6956895,0
2004-02-01,0.11790218,0
2004-03-01,4.985286,0
2004-04-01,29.385313,0
2004-05-01,119.40786,0
2004-06-01,130.17511000000002,0
2004-07-01,174.59196,0
2004-08-01,240.86177,0
2004-09-01,145.24831999999998,0
2004-10-01,40.410399999999996,0
2004-11-01,1.6799346000000002,0
2004-12-01,0.12359841999999999,0
2005-01-01,0.0048395013,0
2005-02-01,2.167306,0
2005-03-01,6.830763999999999,0
2005-04-01,32.578669999999995,0
2005-05-01,99.41738,0
2005-06-01,161.91094999999999,0
2005-07-01,197.94571,0
2005-08-01,113.20203500000001,0
2005-09-01,269.77098,1
2005-10-01,56.637935,0
2005-11-01,2.4643685,0
2005-12-01,0.4898608,0
2006-01-01,1.5610605,0
2006-02-01,0.7775503,0
2006-03-01,6.627468400000001,0
2006-04-01,20.423904,0
2006-05-01,121.875525,0
2006-06-01,93.58400999999999,0
2006-07-01,171.98968,0
2006-08-01,212.17257,0
2006-09-01,236.49758,0
2006-10-01,84.16346,0
2006-11-01,1.8747292,0
2006-12-01,0.0034904515,0
2007-01-01,0.0108251115,0
2007-02-01,0.42619463,0
2007-03-01,1.143791,0
2007-04-01,30.712605,0
2007-05-01,63.88195,0
2007-06-01,120.28016,0
2007-07-01,237.93529999999998,0
2007-08-01,267.56829999999997,0
2007-09-01,226.27217,0
2007-10-01,38.852154999999996,0
2007-11-01,2.7444879999999996,0
2007-12-01,0.29716466,0
2008-01-01,4.125354000000001,0
2008-02-01,0.005397247,0
2008-03-01,1.3043997,0
2008-04-01,38.01737,0
2008-05-01,82.48298,0
2008-06-01,124.77338,0
2008-07-01,263.75926,0
2008-08-01,228.41918,0
2008-09-01,225.74478000000002,0
2008-10-01,85.74898,0
2008-11-01,0.5398625499999999,0
2008-12-01,9.657418,0
2009-01-01,0.33334468,0
2009-02-01,0.19729324,0
2009-03-01,0.6278420299999999,0
2009-04-01,35.731173999999996,0
2009-05-01,53.968593000000006,0
2009-06-01,122.487456,0
2009-07-01,131.91094999999999,0
2009-08-01,246.2439,0
2009-09-01,191.18041,0
2009-10-01,92.90022,0
2009-11-01,1.7543053,0
2009-12-01,0.053245574,0
2010-01-01,0.03702182,0
2010-02-01,0.12637349,0
2010-03-01,2.131138,0
2010-04-01,25.602192,0
2010-05-01,77.292815,0
2010-06-01,109.73284,0
2010-07-01,234.22062,0
2010-08-01,293.72013000000004,1
2010-09-01,204.66644,0
2010-10-01,122.938216,0
2010-11-01,5.357024999999999,0
2010-12-01,0.060438644,0
2011-01-01,0.0048395013,0
2011-02-01,5.2176304,0
2011-03-01,0.54950116,0
2011-04-01,16.185869,0
2011-05-01,74.70397,0
2011-06-01,121.15565000000001,0
2011-07-01,110.1456,0
2011-08-01,221.60518000000002,0
2011-09-01,195.89692,0
2011-10-01,96.83257,0
2011-11-01,0.22445974000000002,0
2011-12-01,0.0048395013,0
2012-01-01,0.030213501,0
2012-02-01,4.5509566999999995,0
2012-03-01,0.54056593,0
2012-04-01,54.079108,0
2012-05-01,132.56757,0
2012-06-01,175.34876,0
2012-07-01,312.8177,1
2012-08-01,276.93188000000004,1
2012-09-01,262.26484999999997,0
2012-10-01,89.40064000000001,0
2012-11-01,3.0032116999999996,0
2012-12-01,0.108845066,0
2013-01-01,1.4998699,0
2013-02-01,0.6390369,0
2013-03-01,6.1710523,0
2013-04-01,91.694385,0
2013-05-01,54.087497,0
2013-06-01,103.38311,0
2013-07-01,144.64768999999998,0
2013-08-01,182.21065000000002,0
2013-09-01,316.66112000000004,1
2013-10-01,68.71357,0
2013-11-01,0.7829488,0
2013-12-01,0.31390722,0
2014-01-01,7.999293500000001,0
2014-02-01,0.25752465999999996,0
2014-03-01,11.3418475,0
2014-04-01,53.038813,0
2014-05-01,180.58360000000002,0
2014-06-01,125.03254,0
2014-07-01,138.61017999999999,0
2014-08-01,268.04852,0
2014-09-01,310.3038,1
2014-10-01,79.67573399999999,0
2014-11-01,5.89454,0
2014-12-01,0.06522692,0
2015-01-01,0.27035718000000003,0
2015-02-01,9.90182,0
2015-03-01,35.930835,0
2015-04-01,1.6886294,0
2015-05-01,38.817524999999996,0
2015-06-01,82.672514,0
2015-07-01,168.70406,0
2015-08-01,320.77324,1
2015-09-01,185.62347000000003,0
2015-10-01,85.723676,0
2015-11-01,1.2292678000000001,0
2015-12-01,0.0016131671,0
2016-01-01,0.02669287,0
2016-02-01,0.5387280999999999,0
2016-03-01,41.421525,0
2016-04-01,81.37274,0
2016-05-01,87.02951,0
2016-06-01,201.16115000000002,0
2016-07-01,234.68041,0
2016-08-01,374.33136,1
2016-09-01,279.10495000000003,1
2016-10-01,57.49418,0
2016-11-01,1.8866663000000001,0
2016-12-01,0.033966963999999995,0
2017-01-01,0.1964746,0
2017-02-01,0.07350976000000001,0
2017-03-01,2.4757232,0
2017-04-01,31.531364,0
2017-05-01,121.174514,0
2017-06-01,223.10691999999997,0
2017-07-01,116.07703599999999,0
2017-08-01,223.79714,0
2017-09-01,175.004,0
2017-10-01,51.419877,0
2017-11-01,0.8119912,0
2017-12-01,0.46798214,0
2018-01-01,0.0,0
2018-02-01,30.444889999999997,0
2018-03-01,6.1631333,0
2018-04-01,19.874297,0
2018-05-01,90.08951499999999,0
2018-06-01,156.53217,0
2018-07-01,155.67016999999998,0
2018-08-01,275.30122,1
2018-09-01,214.0519,0
2018-10-01,99.48577999999999,0
2018-11-01,1.1539704,0
2018-12-01,0.040318584,0
2019-01-01,0.43857120000000005,0
2019-02-01,10.824347,0
2019-03-01,7.5832848,0
2019-04-01,31.671032,0
2019-05-01,134.97391,0
2019-06-01,139.80395000000001,0
2019-07-01,235.74656,0
2019-08-01,271.12973,1
2019-09-01,279.18886999999995,1
2019-10-01,220.48914,0
2019-11-01,9.086432,0
2019-12-01,0.015898607999999998,0
2020-01-01,0.02299936,0
2020-02-01,0.0933914,0
2020-03-01,20.35261,0
2020-04-01,14.068576,0
2020-05-01,51.50062,0
2020-06-01,129.8498,0
2020-07-01,268.27394999999996,1
2020-08-01,133.85683,0
2020-09-01,344.4196,1
2020-10-01,61.016224,0
2020-11-01,0.14259554000000002,0
2020-12-01,0.027282746,0
2021-01-01,0.012408709,0
2021-02-01,0.022837776,0
2021-03-01,8.763244,0
2021-04-01,3.281257,0
2021-05-01,13.591621,0
2021-06-01,73.43318000000001,0
2021-07-01,77.2625,0
2021-08-01,300.40896,1
2021-09-01,157.80361000000002,0
2021-10-01,30.168042,0
2021-11-01,0.7205354,0
2021-12-01,0.0016131671,0
2022-01-01,0.0056918943,0
2022-02-01,0.028925599,0
2022-03-01,0.90944767,0
2022-04-01,22.807351999999998,0
2022-05-01,37.935518,0
2022-06-01,163.23778,0
2022-07-01,141.28327,0
2022-08-01,142.90915,0
2022-09-01,240.58402,0
2022-10-01,75.73257,0
2022-11-01,0.13722898,0
2022-12-01,0.007244467300000001,0
2023-01-01,0.6445907000000001,0
2023-02-01,0.005118316,0
2023-03-01,16.244356,0
2023-04-01,13.371641,0
2023-05-01,64.79931,0
2023-06-01,109.2821,0
2023-07-01,202.16632,0
2023-08-01,214.68711,0
2023-09-01,113.393456,0
2023-10-01,71.24369999999999,0
2023-11-01,17.04833,0
2023-12-01,0.019976404000000003,0
2024-01-01,0.010531453999999999,0
2024-02-01,0.5908564,0
2024-03-01,3.2577696,0
2024-04-01,19.2345,0
2024-05-01,15.561078,0
2024-06-01,47.245219999999996,0
2024-07-01,179.37437,0
2024-08-01,149.78468,0
2024-09-01,219.46550000000002,0
2024-10-01,118.26043999999999,0
2024-11-01,0.077643665,0
2024-12-01,0.0,0
2025-01-01,0.0034904515,0
2025-02-01,1.8567721000000001,0
2025-03-01,0.43825245999999995,0
2025-04-01,10.980055,0
2025-05-01,74.856944,0
2025-06-01,56.192346,0
2025-07-01,153.82749,0
2025-08-01,195.12317000000002,0
2025-09-01,173.44612,0
2025-10-01,95.93652,0
2025-11-01,0.6721262,0
2025-12-01,0.043723034,0
